{"Episode reward": 1.0, "steps": 207, "correct reward": 0.0, "support reward": 0.0, "_timestamp": 1733930142.4000463, "_runtime": 31.410280466079712, "_step": 206, "_wandb": {"runtime": 29}}