{"Episode reward": 22.0, "steps": 4983, "correct reward": 0.0, "support reward": 0.0, "_timestamp": 1734000341.9643586, "_runtime": 133.60949563980103, "_step": 1215, "Average episode reward": 14.85, "_wandb": {"runtime": 132}}