{"Episode reward": 52.0, "steps": 6961, "correct reward": 0.0, "support reward": 0.0, "_timestamp": 1734010785.037191, "_runtime": 107.74348998069763, "_step": 1559, "Average episode reward": 18.15, "_wandb": {"runtime": 106}}