{"Episode reward": 2.0, "steps": 999, "_timestamp": 1734110757.842181, "_runtime": 2.355949878692627, "_step": 100, "_wandb": {"runtime": 7}}