{"Episode reward": 5.0, "steps": 999, "_timestamp": 1734111200.3576427, "_runtime": 2.7088756561279297, "_step": 100, "_wandb": {"runtime": 7}}