{"Episode reward": 81.30003196248923, "steps": 80000, "_timestamp": 1734119060.6861339, "_runtime": 225.66599488258362, "_step": 279, "Average episode reward": 218.517578125, "_wandb": {"runtime": 226}}