{"Average episode reward": 5.976083755493164, "steps": 8000, "_timestamp": 1734115071.296513, "_runtime": 63.97009301185608, "_step": 0, "_wandb": {"runtime": 93}}