{"Episode reward": 62.0, "steps": 26058, "correct reward": 0.0, "support reward": 0.0, "_timestamp": 1734125180.9397101, "_runtime": 1305.808217048645, "_step": 1716, "Average episode reward": 79.75, "_wandb": {"runtime": 1304}}