{"Episode reward": 241.0, "steps": 23530, "_timestamp": 1734115714.909066, "_runtime": 500.6913468837738, "_step": 23535, "Average episode reward": 362.81817626953125, "_wandb": {"runtime": 500}}