{"Episode reward": 2.0, "steps": 565, "correct reward": 0.0, "support reward": 0.0, "_timestamp": 1733923871.2872229, "_runtime": 33.073527812957764, "_step": 564, "_wandb": {"runtime": 31}}