{"Episode reward": 97.0, "steps": 80000, "_timestamp": 1734132333.002853, "_runtime": 237.18933701515198, "_step": 528, "Average episode reward": 284.69232177734375, "_wandb": {"runtime": 243}}