{"Episode reward": 1198.0535613277307, "steps": 84000, "_timestamp": 1734131566.5973463, "_runtime": 2961.6431782245636, "_step": 80019, "Average episode reward": 1377.623291015625, "_wandb": {"runtime": 2963}}