{"Episode reward": 93.0, "steps": 76999, "_timestamp": 1734112067.5548632, "_runtime": 132.9507701396942, "_step": 515, "Average episode reward": 399.25, "_wandb": {"runtime": 139}}