{"Episode reward": 52.0, "steps": 30471, "correct reward": 0.0, "support reward": 0.0, "_timestamp": 1734042267.9793284, "_runtime": 383.549453496933, "_step": 2521, "Average episode reward": 50.35, "_wandb": {"runtime": 382}}