{"Episode reward": 240.48788075867657, "steps": 80000, "_timestamp": 1734118878.3426566, "_runtime": 158.7630615234375, "_step": 236, "Average episode reward": 252.20440673828125, "_wandb": {"runtime": 162}}