{"Episode reward": 147.1850938137533, "steps": 80000, "_timestamp": 1734117212.956819, "_runtime": 124.55913615226746, "_step": 1811, "Average episode reward": 146.54888916015625, "_wandb": {"runtime": 125}}