{"Episode reward": 1.0, "steps": 960, "correct reward": 0.0, "support reward": 0.0, "_timestamp": 1733923305.4137416, "_runtime": 50.46976161003113, "_step": 959, "_wandb": {"runtime": 49}}