{"Episode reward": 2.0, "steps": 16721, "correct reward": 0.0, "support reward": 0.0, "_timestamp": 1733920986.6260793, "_runtime": 866.0753183364868, "_step": 16720, "_wandb": {"runtime": 864}}