{"Episode reward": 83.21610147746115, "steps": 80000, "_timestamp": 1734132370.8750873, "_runtime": 236.25671219825745, "_step": 1810, "Average episode reward": 127.86773681640625, "_wandb": {"runtime": 237}}