{"Episode reward": 2.0, "steps": 40999, "_timestamp": 1734112587.6187043, "_runtime": 70.92254734039307, "_step": 429, "Average episode reward": 63.370967864990234, "_wandb": {"runtime": 74}}