{"Episode reward": 1.0, "steps": 3115, "correct reward": 0.0, "support reward": 0.0, "_timestamp": 1733920082.340231, "_runtime": 210.08107900619507, "_step": 3114, "_wandb": {"runtime": 208}}