{"Episode reward": 164.63645478130326, "steps": 80000, "_timestamp": 1734117640.3065758, "_runtime": 121.83538389205933, "_step": 239, "Average episode reward": 255.5684356689453, "_wandb": {"runtime": 122}}