{"Episode reward": 11.0, "steps": 196, "correct reward": 0.0, "support reward": 0.0, "_timestamp": 1734122624.9082522, "_runtime": 7.522075176239014, "_step": 18, "_wandb": {"runtime": 6}}