{"Episode reward": 9.0, "steps": 196, "correct reward": 0.0, "support reward": 0.0, "_timestamp": 1734123212.0026257, "_runtime": 15.151532649993896, "_step": 19, "_wandb": {"runtime": 13}}