{"Episode reward": 261.0, "steps": 80000, "_timestamp": 1734118533.5970778, "_runtime": 141.91852188110352, "_step": 494, "Average episode reward": 182.5, "_wandb": {"runtime": 143}}