{"Episode reward": 3.0, "steps": 28501, "correct reward": 0.0, "support reward": 0.0, "_timestamp": 1733928647.681028, "_runtime": 684.7749738693237, "_step": 28500, "_wandb": {"runtime": 682}}