{"Episode reward": 48.0, "steps": 25466, "correct reward": 0.0, "support reward": 0.0, "_timestamp": 1734122038.2201598, "_runtime": 1176.7376906871796, "_step": 1648, "Average episode reward": 47.8, "_wandb": {"runtime": 1175}}