{"Episode reward": 99.04322007924881, "steps": 80000, "_timestamp": 1734131993.3398438, "_runtime": 213.26196265220642, "_step": 237, "Average episode reward": 291.6953125, "_wandb": {"runtime": 215}}