{"Episode reward": 2.0, "steps": 231, "correct reward": 0.0, "support reward": 0.0, "_timestamp": 1733929979.65648, "_runtime": 36.19218707084656, "_step": 230, "_wandb": {"runtime": 33}}