{"Episode reward": 42.0, "steps": 8319, "correct reward": 0.0, "support reward": 0.0, "_timestamp": 1733920078.3945897, "_runtime": 203.3827805519104, "_step": 8318, "_wandb": {"runtime": 201}}