{"Episode reward": 20.0, "steps": 1999, "correct reward": 0.0, "support reward": 0.0, "_timestamp": 1733924395.005087, "_runtime": 102.08814787864685, "_step": 1998, "_wandb": {"runtime": 100}}