{"Episode reward": 13.0, "steps": 196, "correct reward": 0.0, "support reward": 0.0, "_timestamp": 1734122683.3482492, "_runtime": 12.328526258468628, "_step": 15, "_wandb": {"runtime": 11}}