{"Episode reward": 0.9578500703771031, "steps": 1600, "_timestamp": 1734128556.4389205, "_runtime": 32.777148485183716, "_step": 1600, "_wandb": {"runtime": 38}}