{"Episode reward": 1000.0, "steps": 23372, "correct reward": 0.0, "support reward": 0.0, "_timestamp": 1733994740.0102267, "_runtime": 1230.616022825241, "_step": 638, "Average episode reward": 1000.0, "_wandb": {"runtime": 1274}}