{"Episode reward": 1000.0, "steps": 49999, "correct reward": 0.0, "support reward": 0.0, "_timestamp": 1734002239.3075466, "_runtime": 1073.3949525356293, "_step": 1140, "Average episode reward": 1000.0, "_wandb": {"runtime": 1079}}