{"Episode reward": 36.26532644996017, "steps": 9600, "_timestamp": 1734117913.8482063, "_runtime": 209.4894733428955, "_step": 9602, "Average episode reward": 58.04557418823242, "_wandb": {"runtime": 211}}