{"Episode reward": 150.55447927819853, "steps": 80000, "_timestamp": 1734117451.7024133, "_runtime": 164.59692525863647, "_step": 277, "Average episode reward": 212.0628204345703, "_wandb": {"runtime": 165}}