{"Episode reward": 18.0, "steps": 4999, "_timestamp": 1734112255.1143794, "_runtime": 8.512624502182007, "_step": 178, "Average episode reward": 9.790640830993652, "_wandb": {"runtime": 10}}