{"Episode reward": 52.67773328608032, "steps": 5848, "correct reward": 0.0, "support reward": 0.0, "_timestamp": 1734132941.3173857, "_runtime": 443.48111057281494, "_step": 158, "Average episode reward": 66.97732667494515}