{"Episode reward": 7838.837240848882, "steps": 84000, "_timestamp": 1734128219.2835777, "_runtime": 3053.268269777298, "_step": 80019, "Average episode reward": 9352.318359375, "_wandb": {"runtime": 3054}}