{"Episode reward": 1000.0, "steps": 84999, "_timestamp": 1734111853.7580247, "_runtime": 146.28431868553162, "_step": 531, "Average episode reward": 172.5500030517578, "_wandb": {"runtime": 148}}