{"Episode reward": 1.0, "steps": 1920, "correct reward": 0.0, "support reward": 0.0, "_timestamp": 1733923631.175202, "_runtime": 90.61668992042542, "_step": 1919, "_wandb": {"runtime": 89}}