{"Episode reward": 18.698174882693532, "steps": 80000, "_timestamp": 1734118696.9179251, "_runtime": 138.94476413726807, "_step": 1791, "Average episode reward": 142.5513458251953, "_wandb": {"runtime": 140}}