{"Episode reward": 1000.0, "steps": 69999, "correct reward": 0.0, "support reward": 0.0, "_timestamp": 1734000999.5191722, "_runtime": 3013.4161801338196, "_step": 1431, "Average episode reward": 1000.0, "_wandb": {"runtime": 3011}}