{"Episode reward": 3.0, "steps": 14105, "correct reward": 0.0, "support reward": 0.0, "_timestamp": 1733997195.1929348, "_runtime": 464.54788279533386, "_step": 4646, "Average episode reward": 3.0, "_wandb": {"runtime": 463}}