{"Episode reward": 79.96603233217311, "steps": 6008, "correct reward": 0.0, "support reward": 0.0, "_timestamp": 1734132941.435766, "_runtime": 280.0151689052582, "_step": 203, "Average episode reward": 63.00746166994977}