{"Episode reward": 6.0, "steps": 2088, "correct reward": 0.0, "support reward": 0.0, "_timestamp": 1733919687.559194, "_runtime": 43.286015033721924, "_step": 2087, "_wandb": {"runtime": 41}}