{"Episode reward": 378.0, "steps": 38376, "_timestamp": 1734116683.965889, "_runtime": 879.2141950130463, "_step": 38385, "Average episode reward": 950.7999877929688, "_wandb": {"runtime": 879}}