{"Episode reward": 2.0, "steps": 356, "correct reward": 0.0, "support reward": 0.0, "_timestamp": 1733923092.3819315, "_runtime": 25.088801622390747, "_step": 355, "_wandb": {"runtime": 23}}