{"Episode reward": 2.0, "steps": 1999, "correct reward": 0.0, "support reward": 0.0, "_timestamp": 1733927841.8343391, "_runtime": 58.4655921459198, "_step": 1998, "_wandb": {"runtime": 56}}