{"Episode reward": 2.0, "steps": 4055, "correct reward": 0.0, "support reward": 0.0, "_timestamp": 1733930544.3743784, "_runtime": 377.0740234851837, "_step": 4054, "_wandb": {"runtime": 374}}