{"Episode reward": 3.0, "steps": 3039, "correct reward": 0.0, "support reward": 0.0, "_timestamp": 1734044584.3294759, "_runtime": 44.54836392402649, "_step": 759, "Average episode reward": 3.0, "_wandb": {"runtime": 43}}