{"Episode reward": 7.0, "steps": 12403, "correct reward": 0.0, "support reward": 0.0, "_timestamp": 1733995420.2510707, "_runtime": 171.04190278053284, "_step": 3366, "Average episode reward": 7.0, "_wandb": {"runtime": 169}}