{"Episode reward": 5.0, "steps": 2905, "correct reward": 0.0, "support reward": 0.0, "_timestamp": 1734119695.9912384, "_runtime": 90.22028732299805, "_step": 761, "Average episode reward": 3.45, "_wandb": {"runtime": 88}}