{"Episode reward": 1000.0, "steps": 156999, "_timestamp": 1734117044.6861792, "_runtime": 319.56099009513855, "_step": 536, "Average episode reward": 1000.0, "_wandb": {"runtime": 321}}