{"Episode reward": 1.0, "steps": 352, "correct reward": 0.0, "support reward": 0.0, "_timestamp": 1733923017.743653, "_runtime": 26.897571086883545, "_step": 351, "_wandb": {"runtime": 25}}