{"Episode reward": 48.0, "steps": 12442, "correct reward": 0.0, "support reward": 0.0, "_timestamp": 1734120840.1621435, "_runtime": 547.173332452774, "_step": 1221, "Average episode reward": 41.2, "_wandb": {"runtime": 547}}