{"Episode reward": 609.0, "steps": 45600, "_timestamp": 1734125114.9663532, "_runtime": 2458.2116351127625, "_step": 45611, "Average episode reward": 1000.0, "_wandb": {"runtime": 2461}}