{"Episode reward": 5.0, "steps": 331, "correct reward": 0.0, "support reward": 0.0, "_timestamp": 1733925616.2291265, "_runtime": 18.346067428588867, "_step": 330, "_wandb": {"runtime": 17}}