{"Episode reward": 65.0, "steps": 21999, "correct reward": 0.0, "support reward": 0.0, "_timestamp": 1733933964.2601852, "_runtime": 2724.996954202652, "_step": 875, "Average episode reward": 1000.0}