{"Episode reward": 36.0, "steps": 16802, "_timestamp": 1734111658.6187108, "_runtime": 23.392613649368286, "_step": 285, "_wandb": {"runtime": 22}}