{"Episode reward": 2.0, "steps": 692, "correct reward": 0.0, "support reward": 0.0, "_timestamp": 1733993491.842122, "_runtime": 36.71883416175842, "_step": 173, "_wandb": {"runtime": 35}}