{"Episode reward": 11.0, "steps": 244, "correct reward": 0.0, "support reward": 0.0, "_timestamp": 1733919628.1924677, "_runtime": 13.155831575393677, "_step": 243, "_wandb": {"runtime": 11}}