{"Episode reward": 3.0, "steps": 19351, "correct reward": 0.0, "support reward": 0.0, "_timestamp": 1734120273.2611685, "_runtime": 557.8555085659027, "_step": 4648, "Average episode reward": 3.0, "_wandb": {"runtime": 556}}