{"Episode reward": 58.0, "steps": 37146, "correct reward": 0.0, "support reward": 0.0, "_timestamp": 1733995990.949688, "_runtime": 549.7603380680084, "_step": 2721, "Average episode reward": 68.5, "_wandb": {"runtime": 548}}