{"Episode reward": 96.0, "steps": 69999, "correct reward": 0.0, "support reward": 0.0, "_timestamp": 1733997312.1530244, "_runtime": 1303.370950460434, "_step": 2549, "Average episode reward": 111.25, "_wandb": {"runtime": 1302}}