{"Episode reward": 1.0, "steps": 566, "correct reward": 0.0, "support reward": 0.0, "_timestamp": 1733922262.4198647, "_runtime": 36.96190857887268, "_step": 565, "_wandb": {"runtime": 35}}