{"Episode reward": 5.0, "steps": 999, "_timestamp": 1734111331.5734296, "_runtime": 2.7747955322265625, "_step": 110, "_wandb": {"runtime": 7}}