{"Episode reward": 2.0, "steps": 286, "correct reward": 0.0, "support reward": 0.0, "_timestamp": 1733923445.841921, "_runtime": 19.903398036956787, "_step": 285, "_wandb": {"runtime": 18}}