{"Episode reward": 256.88293300985526, "steps": 84000, "_timestamp": 1734131590.6879642, "_runtime": 2959.910576105118, "_step": 80019, "Average episode reward": 433.0108642578125, "_wandb": {"runtime": 2960}}