{"Episode reward": 1000.0, "steps": 79999, "correct reward": 0.0, "support reward": 0.0, "_timestamp": 1734128576.9700098, "_runtime": 3377.7622418403625, "_step": 1822, "Average episode reward": 1000.0, "_wandb": {"runtime": 3376}}