{"Episode reward": 41.0, "steps": 28999, "_timestamp": 1734112166.3225718, "_runtime": 56.64423966407776, "_step": 375, "Average episode reward": 42.05376434326172, "_wandb": {"runtime": 62}}