{"Episode reward": 38.0, "steps": 16554, "correct reward": 0.0, "support reward": 0.0, "_timestamp": 1733997964.1567447, "_runtime": 602.7312996387482, "_step": 744, "Average episode reward": 37.0, "_wandb": {"runtime": 601}}