{"Episode reward": 7.0, "steps": 4179, "_timestamp": 1734112480.1456244, "_runtime": 7.488502502441406, "_step": 116, "Average episode reward": 9.800000190734863, "_wandb": {"runtime": 7}}