{"Episode reward": 52.20732534051204, "steps": 80000, "_timestamp": 1734132066.9091322, "_runtime": 298.0977523326874, "_step": 272, "Average episode reward": 217.04931640625, "_wandb": {"runtime": 298}}