{"Episode reward": 23.0, "steps": 10600, "_timestamp": 1734117911.3618736, "_runtime": 225.66472458839417, "_step": 10602, "Average episode reward": 6.190402507781982, "_wandb": {"runtime": 229}}